family,s,gain_pi3,gain_pi3_se,gain_pi4,gain_pi4_se,ce_u,ece
local,0.0,-0.361025641025641,0.1053134595129475,-1.0943589743589743,0.3467569033803675,0.00016465376939063368,0.004084370397217839
local,0.5,-0.9241025641025641,0.33625349477772326,-0.43999999999999984,0.7518216015792827,0.0029582581803876957,0.025896142296334947
local,1.0,-1.212307692307692,0.5610506947370127,0.10153846153846154,0.9263521617355899,0.00298166538002701,0.04539591815640347
local,1.5,1.922051282051282,0.9075280264149445,9.92102564102564,2.26399065083142,0.00263303565840262,0.06003744448660358
local,2.0,5.803076923076923,1.7206042634755299,22.38051282051282,1.7374777046549608,0.002700632628432989,0.07077961364349362
local,3.0,14.504615384615384,2.743213116104411,38.15692307692307,2.535661762813167,0.002830754917806595,0.08538295974927311
local_randu,0.0,-0.361025641025641,0.1053134595129475,-1.0943589743589743,0.3467569033803675,0.00016465376939063368,0.004084370397217839
local_randu,0.5,-0.17435897435897435,0.075388164023852,-0.09333333333333335,0.6856514412159477,6.42355295530503e-06,0.02564403661250826
local_randu,1.0,-0.14974358974358976,0.06827389950121893,-1.6512820512820514,0.8035442584418652,8.516485599722665e-06,0.045625794529347265
local_randu,1.5,-0.13846153846153847,0.05141803368061409,-1.2061538461538461,1.45432789701906,-8.036798846034535e-06,0.05976919008624168
local_randu,2.0,-0.04205128205128205,0.062737797183577,-1.2451282051282055,0.8474324985117587,3.004005366445776e-06,0.07082421522113336
local_randu,3.0,-0.1753846153846154,0.09323612080598215,0.4882051282051281,1.9817565456176824,-1.8930891233314337e-07,0.08587108848007162
uniform,0.0,-0.361025641025641,0.1053134595129475,-1.0943589743589743,0.3467569033803675,0.00016465376939063368,0.004084370397217839
uniform,0.5,-0.19282051282051282,0.06876939626306428,-0.523076923076923,0.5530085030153368,-1.8927418189026438e-05,0.027336148281907707
uniform,1.0,-0.3097435897435898,0.10615739133057679,0.5784615384615386,0.5814374979604865,2.423106017496781e-06,0.054223787415756765
uniform,1.5,-0.09435897435897436,0.05142191360811421,-0.9394871794871797,1.5139563719793907,7.69175898806991e-06,0.07990928645253893
uniform,2.0,-0.29025641025641025,0.12459438827894731,6.5087179487179485,0.8824415479441677,-3.714993675686742e-06,0.10589167615780849
uniform,3.0,-0.05538461538461538,0.06177496551749324,15.016410256410252,2.0460946699503957,-6.836671818077437e-07,0.15338429745846432
